ID,Name,Email,Phone
1,Stephanie Harrington,santostimothy@boyd.org,85815
2,Andrew Mcclure,santostimothy@boyd.org,69047
3,Benjamin Burton,weeksabigail@martin.org,45176
4,Heather David,josephwalker@cox.com,52250
5,Denise Black,jay98@yahoo.com,87778
6,Mario Cook,kaufmanchristopher@hotmail.com,91788
7,Kyle Rodriguez,nataliesmith@yahoo.com,43457
8,Crystal Smith,amanda57@yahoo.com,74902
9,Zachary Lee,velazquezjames@yahoo.com,18803
10,Kathleen Bennett,mhahn@parks-evans.org,47163
11,Amanda Schneider,hernandezerika@richardson.net,52635
12,Sarah Figueroa,hernandezerika@richardson.net,56513
13,Karen Powell,jennifer00@santana.info,65285
14,Lisa Snyder,jay98@yahoo.com,92021
15,Amanda Fuentes,kylemoran@hotmail.com,21971
16,Eric Shaw,kylemoran@hotmail.com,18110
17,Robert Myers,frazierkimberly@hotmail.com,63481
18,Sandra Taylor,qcoleman@hotmail.com,52803
19,Angela Mullins,josephmayer@owens-gallagher.info,34019
20,Anthony Howard,bellteresa@hotmail.com,18078
21,Jillian King,josephwalker@cox.com,44045
22,Elizabeth Barber,pettylisa@yahoo.com,49836
23,Jeffrey Carroll,david89@hotmail.com,46444
24,Elizabeth Smith,beverly82@yahoo.com,78461
25,Stephen Collins,dbell@cox-swanson.com,81042
26,Cynthia Thompson,frazierkimberly@hotmail.com,69429
27,Scott Hayes,tgaines@jones-griffin.net,36888
28,Christopher Ross,frazierkimberly@hotmail.com,84246
29,Emma Gaines,josephmayer@owens-gallagher.info,72515
30,Misty Smith,jennifer00@santana.info,12293
31,Justin Diaz,kenneth69@hotmail.com,22832
32,Donald Guzman,kaufmanchristopher@hotmail.com,43119
33,Dr. Tiffany Cross,josephwalker@cox.com,36525
34,Kimberly Sanchez,tjohnson@hotmail.com,78852
35,Christy Smith,turnerjonathan@burns-smith.com,85091
36,Michael Glass,holly64@yahoo.com,10573
37,Anne Long,melaniehuffman@gmail.com,56298
38,Rachel Lozano,harrisonrebecca@yahoo.com,80099
39,Jordan Williams,edwardschristopher@gmail.com,75670
40,Sarah Johnson,tiffanymitchell@yahoo.com,34037
41,Mr. Matthew Mills,nataliesmith@yahoo.com,85304
42,Sandra Lucas,frazierkimberly@hotmail.com,33333
43,Linda Johnson,michellemason@hotmail.com,10593
44,Douglas Williams,santostimothy@boyd.org,17600
45,Catherine Wilson,michellemason@hotmail.com,92937
46,Kimberly Garrett,josephwalker@cox.com,25201
47,Eric Sullivan,nataliesmith@yahoo.com,51325
48,Ian Soto,wesley96@gmail.com,55706
49,Alexander Perry,amanda57@yahoo.com,53349
50,Mike Guerrero,david89@hotmail.com,60246
51,John Andrews,jay98@yahoo.com,21733
52,Virginia Cox,hernandezerika@richardson.net,16835
53,Sarah Juarez,victoriapierce@gmail.com,19293
54,Luke Kelly,beverly82@yahoo.com,79079
55,Charles Reed,kaufmanchristopher@hotmail.com,86936
56,Elizabeth Mills,tgaines@jones-griffin.net,95024
57,Brooke Mccoy,david89@hotmail.com,11204
58,Linda Curry,jennifer00@santana.info,15707
59,Chase Hartman,kaufmanchristopher@hotmail.com,45140
60,Brittany Thompson,karen70@adams-thompson.com,19320
61,Tiffany Cooper,amanda57@yahoo.com,84740
62,John Baker,tiffanymitchell@yahoo.com,19852
63,Jennifer Rowland,tgaines@jones-griffin.net,13662
64,Andrew Pierce,beverly82@yahoo.com,57990
65,Sandra Day,weeksabigail@martin.org,26993
66,Regina Obrien,weeksabigail@martin.org,86637
67,Cynthia Hernandez,ian16@gmail.com,86098
68,Christopher Maxwell,tiffanymitchell@yahoo.com,19420
69,Tom Dickerson,velazquezjames@yahoo.com,49856
70,Kathryn Garrison,castrofaith@smith.com,78745
71,Logan Carlson,hernandezerika@richardson.net,68061
72,Tara Stevens,melaniehuffman@gmail.com,17298
73,Mary Davenport,pamhanson@welch.info,95971
74,Martin Contreras,santostimothy@boyd.org,27818
75,Laurie Weeks,jennifer00@santana.info,50210
76,Jeanette Young,bryantjeffrey@perez.org,28970
77,Christian Willis,millerjacqueline@hotmail.com,42836
78,Tyler Mooney,weeksabigail@martin.org,75728
79,Lisa Mcgrath,andersonerin@garcia-collins.info,22894
80,Kayla Brown,weeksabigail@martin.org,63796
81,Cynthia Nielsen,jesse51@vaughn.com,67569
82,Alex Lloyd,turnerjonathan@burns-smith.com,31141
83,Lisa Carroll,velazquezjames@yahoo.com,37119
84,Mary Martinez,kenneth69@hotmail.com,76048
85,Pamela Jackson,beverly82@yahoo.com,74858
86,Kevin Mcpherson,beverly82@yahoo.com,78470
87,Billy Aguilar,ian16@gmail.com,84515
88,Donald Delacruz,ian16@gmail.com,95402
89,Tyler Gardner,wesley96@gmail.com,81743
90,Alexis Poole,holly64@yahoo.com,78327
91,Paige Smith,bryantjeffrey@perez.org,62083
92,Michelle Sloan,danielvega@yahoo.com,41089
93,Danielle Solis,edwardschristopher@gmail.com,86598
94,Robert Russell,jay98@yahoo.com,43495
95,Gerald Andrews,kylemoran@hotmail.com,53860
96,Amy Garcia,danielvega@yahoo.com,52526
97,Jerry Watson,barberdanielle@yahoo.com,76065
98,Allison Duran,harrisonrebecca@yahoo.com,83569
99,James Smith,michellemason@hotmail.com,78211
100,Nicholas Garrett,castrofaith@smith.com,28943
101,Troy Mullins,kenneth69@hotmail.com,72147
102,Jessica Lynch,josephmayer@owens-gallagher.info,47744
103,Misty Hill,kaufmanchristopher@hotmail.com,36234
104,Heather Rollins,bryantjeffrey@perez.org,97875
105,Kara Baird,tamara23@rosario.com,89518
106,Sherry Kelly,nataliesmith@yahoo.com,25890
107,Stacey Camacho,jesse51@vaughn.com,47493
108,Savannah Velasquez,jennamiller@reed.biz,72304
109,Jacqueline Thompson,tjohnson@hotmail.com,70841
110,Stacie Phillips,victoriapierce@gmail.com,10365
111,Mark Pena,karen70@adams-thompson.com,27765
112,Jeffrey Singleton,castrofaith@smith.com,25369
113,Katelyn Anderson,andersonerin@garcia-collins.info,97662
114,Cynthia Hobbs,harrisonrebecca@yahoo.com,58239
115,Christopher Martinez,shane54@yahoo.com,20660
116,Jonathan Mason,jesse51@vaughn.com,79726
117,Patricia Wright,bellteresa@hotmail.com,69533
118,Ivan Anderson,holly64@yahoo.com,47873
119,Michael Rich,bryantjeffrey@perez.org,16394
120,George Rojas,beverly82@yahoo.com,81037
121,David Jordan,castrofaith@smith.com,13886
122,Richard Lee,edwardschristopher@gmail.com,26708
123,Lydia Williams,beverly82@yahoo.com,53322
124,Wayne Reed,holly64@yahoo.com,87744
125,Mariah Douglas,frazierkimberly@hotmail.com,41038
126,Patricia Brown,jay98@yahoo.com,37335
127,Gary Stein,castrofaith@smith.com,86067
128,Dustin Garcia,edwardschristopher@gmail.com,97890
129,April Parker,turnerjonathan@burns-smith.com,24706
130,Lauren Smith,kylemoran@hotmail.com,20427
131,Anita Campbell,josephwalker@cox.com,41316
132,Betty Burke,velazquezjames@yahoo.com,72517
133,Patrick Pratt,turnerjonathan@burns-smith.com,18619
134,Leslie Tate,hernandezerika@richardson.net,38268
135,Russell Castillo,torressavannah@gonzalez.com,95950
136,Walter Roman,ujohnson@bruce-peters.com,36701
137,Kayla Gray,harrisonrebecca@yahoo.com,68022
138,Mrs. Amy Richards,beverly82@yahoo.com,49592
139,Elizabeth Nichols,karen70@adams-thompson.com,89690
140,Angela Wright,ian16@gmail.com,15304
141,David Tyler,tgaines@jones-griffin.net,48704
142,Teresa Harris,amanda57@yahoo.com,25821
143,John Obrien,josephmayer@owens-gallagher.info,64604
144,Kristen Johnson,hernandezerika@richardson.net,19944
145,Erica Wilson,ujohnson@bruce-peters.com,56973
146,Patricia Potter,santostimothy@boyd.org,93227
147,Angela Choi,pamhanson@welch.info,61123
148,Eric Hill,andersonerin@garcia-collins.info,16934
149,Christopher Cooper,hernandezerika@richardson.net,44739
150,James Gonzalez,qcoleman@hotmail.com,40155
151,Ryan Ray,tgaines@jones-griffin.net,50103
152,Steven Saunders,ian16@gmail.com,80879
153,Jasmine Murphy,bryantjeffrey@perez.org,84781
154,Nancy Beck,danielvega@yahoo.com,86387
155,James Terry,weeksabigail@martin.org,47972
156,James Johnston,millerjacqueline@hotmail.com,70219
157,Lisa Wilcox,pettylisa@yahoo.com,29743
158,Madeline Howell,andersonerin@garcia-collins.info,89396
159,Jennifer Young,ian16@gmail.com,25590
160,Ashley Alvarez,dbell@cox-swanson.com,50197
161,Michael Lopez,qcoleman@hotmail.com,28664
162,Joseph Hayes MD,torressavannah@gonzalez.com,13117
163,John Long,jennifer00@santana.info,99743
164,Sarah Harding,santostimothy@boyd.org,12116
165,David Anderson,edwardschristopher@gmail.com,72713
166,Henry Noble,tjohnson@hotmail.com,82106
167,Bruce Levy,castrofaith@smith.com,56374
168,Tammy Daniels,harrisonrebecca@yahoo.com,23783
169,Justin Lane,david89@hotmail.com,98472
170,Chelsea Kennedy,shane54@yahoo.com,19469
171,Joseph Bell,amanda57@yahoo.com,18251
172,Ronnie Brown,millerjacqueline@hotmail.com,47855
173,Tammy Solis,millerjacqueline@hotmail.com,22889
174,Keith Evans,amanda57@yahoo.com,53608
175,Kenneth Reyes,kaufmanchristopher@hotmail.com,91032
176,Kelly Graham,kenneth69@hotmail.com,89675
177,Patricia Williams,anne72@lane-juarez.biz,22941
178,Vanessa Hernandez,millerjacqueline@hotmail.com,18850
179,Renee Harris,david89@hotmail.com,91722
180,Ricardo Haley,jesse51@vaughn.com,20645
181,Brian Adams,michellemason@hotmail.com,83398
182,Aaron Harper,hernandezerika@richardson.net,25447
183,Joanne Avila,holly64@yahoo.com,92867
184,Lisa Mcknight,jesse51@vaughn.com,84456
185,Samuel Reed,jesse51@vaughn.com,97645
186,Wayne Suarez,holly64@yahoo.com,50625
187,Anthony Lynn,beverly82@yahoo.com,45616
188,Alexander Taylor,jennamiller@reed.biz,79170
189,Joanna Salazar,velazquezjames@yahoo.com,40493
190,Katrina Wright,melaniehuffman@gmail.com,12955
191,Roy Pham,shane54@yahoo.com,88650
192,Robert Rice,jennamiller@reed.biz,44415
193,Bryce Fuentes,nataliesmith@yahoo.com,49720
194,Daniel King,ujohnson@bruce-peters.com,14734
195,Monica Lopez,dbell@cox-swanson.com,82114
196,Kristen Holmes,nataliesmith@yahoo.com,35542
197,Cynthia Chandler,josephwalker@cox.com,10800
198,Craig Washington,ujohnson@bruce-peters.com,18436
199,Matthew Beltran,kylemoran@hotmail.com,45298
200,Todd Williams,jay98@yahoo.com,83949
201,Kelly Riley,nataliesmith@yahoo.com,43379
202,Matthew Pollard,velazquezjames@yahoo.com,23858
203,Briana Mendoza,holly64@yahoo.com,12800
204,Kelly Phillips,wesley96@gmail.com,97244
205,April Hogan,velazquezjames@yahoo.com,34388
206,Scott Blanchard,victoriapierce@gmail.com,41120
207,Timothy Thompson,holly64@yahoo.com,42855
208,Jeremiah Parker,harrisonrebecca@yahoo.com,71752
209,Charlene Rodriguez,hernandezerika@richardson.net,87514
210,Diane Johnson,jay98@yahoo.com,50996
211,Brian Jones,tjohnson@hotmail.com,57411
212,Alan Petty,tiffanymitchell@yahoo.com,47816
213,Alyssa Green,jesse51@vaughn.com,93082
214,Deborah Martin,bellteresa@hotmail.com,24007
215,Michael Davis,josephwalker@cox.com,79816
216,Stephen Douglas,weeksabigail@martin.org,25775
217,Rodney Price,michellemason@hotmail.com,31889
218,Jordan Mathews,pettylisa@yahoo.com,34703
219,Jessica Garcia,josephwalker@cox.com,97871
220,Jeffery Allen,jennamiller@reed.biz,98028
221,Carrie Tucker,kenneth69@hotmail.com,38813
222,Victoria Griffin,wesley96@gmail.com,52328
223,Jason Taylor,michellemason@hotmail.com,99123
224,Karen Robles,holly64@yahoo.com,92493
225,David Brown,edwardschristopher@gmail.com,33186
226,Adam Castro,jennamiller@reed.biz,53959
227,Timothy Andrews,dbell@cox-swanson.com,42302
228,Rita Anthony,pamhanson@welch.info,50024
229,Betty Lewis,ortegaashley@yahoo.com,70255
230,Mr. John Bradley,hernandezerika@richardson.net,90564
231,Veronica Wolfe,josephwalker@cox.com,46635
232,Lauren Miller,tgaines@jones-griffin.net,44876
233,John Graham,bryantjeffrey@perez.org,20141
234,Daniel Martinez,victoriapierce@gmail.com,28253
235,Megan Edwards,josephmayer@owens-gallagher.info,99215
236,Jenna Reese,beverly82@yahoo.com,42122
237,Chloe Boyd,tiffanymitchell@yahoo.com,85399
238,Kayla Henry,karen70@adams-thompson.com,14275
239,Rebecca Jones,ujohnson@bruce-peters.com,66371
240,Alejandra Wilkerson,anne72@lane-juarez.biz,19138
241,Jessica Frank,torressavannah@gonzalez.com,66060
242,Kristen Vargas,weeksabigail@martin.org,32293
243,Timothy Huynh,josephwalker@cox.com,42560
244,Brett Nielsen,ujohnson@bruce-peters.com,93226
245,Matthew Hernandez,david89@hotmail.com,81925
246,Christina Alvarez,kaufmanchristopher@hotmail.com,35185
247,Darren Gonzalez,danielvega@yahoo.com,15455
248,Krista Snyder,holly64@yahoo.com,10139
249,Marvin Dunn,edwardsjohn@hart.biz,89559
250,Benjamin Brown,millerjacqueline@hotmail.com,54885
251,Jennifer Phillips,edwardschristopher@gmail.com,76196
252,Daniel Mcdonald,kenneth69@hotmail.com,84250
253,Danielle Thompson,andersonerin@garcia-collins.info,10884
254,Mr. Eric Alvarado DDS,turnerjonathan@burns-smith.com,61977
255,Anita Taylor,frazierkimberly@hotmail.com,99934
256,Garrett Ortiz,pamhanson@welch.info,88072
257,Paul Potter,tamara23@rosario.com,95694
258,Lisa Gay,nataliesmith@yahoo.com,30994
259,Janice Carroll,torressavannah@gonzalez.com,33326
260,Angela Lam,jesse51@vaughn.com,90327
261,Brett Sanchez,jennamiller@reed.biz,37900
262,Donna Armstrong,torressavannah@gonzalez.com,15317
263,April Sweeney,pamhanson@welch.info,79382
264,Manuel Shaffer,pamhanson@welch.info,95815
265,George Barnett,tjohnson@hotmail.com,16858
266,Daniel Schwartz,castrofaith@smith.com,47495
267,Ricardo Gomez,dbell@cox-swanson.com,45110
268,Matthew Maldonado,shane54@yahoo.com,26919
269,Linda Lawson,ian16@gmail.com,11582
270,Timothy Wilson,pamhanson@welch.info,70861
271,Julie Gomez,tjohnson@hotmail.com,60055
272,Christina Riley,kenneth69@hotmail.com,95074
273,Robert Rose,bellteresa@hotmail.com,66955
274,Douglas Kennedy,jennamiller@reed.biz,36550
275,Shawn Cunningham,weeksabigail@martin.org,78818
276,Kenneth Beard,dbell@cox-swanson.com,89038
277,Jacob Hill,david89@hotmail.com,90864
278,Justin Hurst,david89@hotmail.com,18710
279,Gwendolyn Cole,nataliesmith@yahoo.com,46789
280,Michelle Lewis,amanda57@yahoo.com,35791
281,Blake Martinez,tamara23@rosario.com,56711
282,Drew Cowan,ujohnson@bruce-peters.com,13964
283,Adam Klein,wesley96@gmail.com,39587
284,Roger Payne,anne72@lane-juarez.biz,13647
285,Tracy Montgomery,tamara23@rosario.com,22692
286,Mackenzie Hart,weeksabigail@martin.org,79960
287,Richard Maxwell,santostimothy@boyd.org,15981
288,Henry Moore,santostimothy@boyd.org,97815
289,Jermaine Pruitt,kaufmanchristopher@hotmail.com,68737
290,Jon Shannon,melaniehuffman@gmail.com,31262
291,Matthew Davis,hernandezerika@richardson.net,66876
292,Jason Watts,edwardschristopher@gmail.com,62717
293,Mrs. Patricia Oconnor,harrisonrebecca@yahoo.com,37079
294,Jessica Day,hernandezerika@richardson.net,19195
295,Amy Clark,mhahn@parks-evans.org,26131
296,John Garrison,velazquezjames@yahoo.com,65057
297,Joseph Jones,andersonerin@garcia-collins.info,48963
298,Madison Simmons,nataliesmith@yahoo.com,40166
299,James Patterson,karen70@adams-thompson.com,62731
300,Victoria Vasquez,karen70@adams-thompson.com,68526
301,Morgan Davis,torressavannah@gonzalez.com,60594
302,Rebecca Huang,kaufmanchristopher@hotmail.com,39313
303,Steve Mcgee,jesse51@vaughn.com,79779
304,Jennifer Conner DDS,tamara23@rosario.com,30606
305,Kimberly Brooks,edwardschristopher@gmail.com,52737
306,Amber Johnston,turnerjonathan@burns-smith.com,47538
307,Amanda Collins,wesley96@gmail.com,13560
308,Michael Glover,santostimothy@boyd.org,85315
309,Leslie Montgomery,danielvega@yahoo.com,36008
310,Joseph Johnson,qcoleman@hotmail.com,40241
311,Angela Allen,pamhanson@welch.info,63763
312,Kim Lopez,bryantjeffrey@perez.org,56613
313,Veronica Wade,edwardsjohn@hart.biz,28895
314,Tami Johnson,torressavannah@gonzalez.com,28675
315,John Rios,velazquezjames@yahoo.com,65493
316,Benjamin Gomez,hernandezerika@richardson.net,12634
317,Stacy Santos,dbell@cox-swanson.com,31317
318,Erin Rogers,josephwalker@cox.com,30540
319,Anthony Hernandez,ortegaashley@yahoo.com,46118
320,Susan Sullivan,tjohnson@hotmail.com,25124
321,Katrina Tran,edwardschristopher@gmail.com,51007
322,Veronica Boyd,pettylisa@yahoo.com,79555
323,Tony Perkins,edwardsjohn@hart.biz,52556
324,Jessica Clark,david89@hotmail.com,64089
325,Tonya Green,karen70@adams-thompson.com,51825
326,Jeremy Frank,josephmayer@owens-gallagher.info,19167
327,Robert Roberts,melaniehuffman@gmail.com,60026
328,Jessica Lee,kenneth69@hotmail.com,96042
329,Craig Hernandez,holly64@yahoo.com,98094
330,Christopher Henry,jay98@yahoo.com,93671
331,Eric Ashley,santostimothy@boyd.org,90614
332,Derrick Lopez,ujohnson@bruce-peters.com,14565
333,Kelsey Callahan,victoriapierce@gmail.com,47619
334,Colin Lane,bryantjeffrey@perez.org,94476
335,Lori Mitchell,melaniehuffman@gmail.com,36846
336,Donald Swanson,frazierkimberly@hotmail.com,90069
337,Michael Wong,bellteresa@hotmail.com,76173
338,Jared Hopkins,velazquezjames@yahoo.com,56755
339,Jeffery Ramirez,torressavannah@gonzalez.com,84425
340,Wendy Keller,kylemoran@hotmail.com,20659
341,Victoria Bridges,weeksabigail@martin.org,80788
342,Michael Neal,turnerjonathan@burns-smith.com,61850
343,Rebecca Jenkins,bryantjeffrey@perez.org,71714
344,Eric Hess,ortegaashley@yahoo.com,75407
345,Shane Daniel,weeksabigail@martin.org,80759
346,Christine Kelly,nataliesmith@yahoo.com,74034
347,Dale Chen,amanda57@yahoo.com,40509
348,Brian Dyer,melaniehuffman@gmail.com,65224
349,Joyce Anderson,velazquezjames@yahoo.com,57726
350,Beth Lewis,holly64@yahoo.com,48487
351,Nicole Clark,holly64@yahoo.com,40548
352,Joshua Sullivan,bellteresa@hotmail.com,14993
353,Kelly Chan,edwardschristopher@gmail.com,63650
354,Jacqueline Adkins,tgaines@jones-griffin.net,91930
355,Frederick Perez,tjohnson@hotmail.com,52649
356,Elizabeth Blair,bryantjeffrey@perez.org,11934
357,Nancy Weaver,ujohnson@bruce-peters.com,65332
358,Jonathan Hill,edwardschristopher@gmail.com,94886
359,Dylan Montgomery,pettylisa@yahoo.com,46418
360,Nicole Lee,michellemason@hotmail.com,42732
361,George Hays,danielvega@yahoo.com,28788
362,Traci Reynolds,ian16@gmail.com,53492
363,John Rubio,kaufmanchristopher@hotmail.com,89232
364,Jared Simon,holly64@yahoo.com,72961
365,Megan Garrett,pettylisa@yahoo.com,65212
366,Kimberly Davis,castrofaith@smith.com,40676
367,Dr. Alvin Adams,ujohnson@bruce-peters.com,82436
368,Willie Aguirre,jesse51@vaughn.com,41017
369,Shannon Molina,jennifer00@santana.info,47597
370,Patrick Eaton,nataliesmith@yahoo.com,37304
371,Megan Perez,melaniehuffman@gmail.com,97227
372,Chad Ortiz,victoriapierce@gmail.com,36087
373,William Davis,turnerjonathan@burns-smith.com,54135
374,Kristen Washington,frazierkimberly@hotmail.com,54309
375,Matthew Diaz,barberdanielle@yahoo.com,54152
376,Corey Jones,millerjacqueline@hotmail.com,85874
377,Jacob Aguilar,david89@hotmail.com,71257
378,Henry Wood,tiffanymitchell@yahoo.com,20989
379,Leonard Merritt,frazierkimberly@hotmail.com,67214
380,Matthew Grimes,mhahn@parks-evans.org,19106
381,Nicole Richards,andersonerin@garcia-collins.info,65651
382,Jillian Padilla,frazierkimberly@hotmail.com,80190
383,Colleen Jenkins,tjohnson@hotmail.com,26303
384,Tyler Howell,kenneth69@hotmail.com,88543
385,David Kennedy,josephmayer@owens-gallagher.info,30658
386,Grant Ramirez,torressavannah@gonzalez.com,48150
387,Danielle Armstrong,frazierkimberly@hotmail.com,41143
388,Terri Carlson,shane54@yahoo.com,59689
389,Ashley Humphrey,bellteresa@hotmail.com,63616
390,Courtney Russell,beverly82@yahoo.com,69091
391,Travis Carter,beverly82@yahoo.com,59602
392,Raymond Benjamin,turnerjonathan@burns-smith.com,11466
393,Jessica Ibarra,andersonerin@garcia-collins.info,82829
394,Whitney Brown,kenneth69@hotmail.com,28131
395,Crystal Dillon,tgaines@jones-griffin.net,13984
396,Jane Jones,shane54@yahoo.com,57817
397,Justin Edwards,bryantjeffrey@perez.org,74560
398,Ashley York,castrofaith@smith.com,26109
399,Christina Adams,michellemason@hotmail.com,92824
400,Janice Mays,kenneth69@hotmail.com,24290
401,Charles Hines,bryantjeffrey@perez.org,25842
402,Tamara Mcgee,nataliesmith@yahoo.com,50765
403,Suzanne Roy,millerjacqueline@hotmail.com,90589
404,Kelly Garcia,jennifer00@santana.info,47946
405,Tracy Odonnell,velazquezjames@yahoo.com,54566
406,Debbie Reid,tjohnson@hotmail.com,10257
407,Debra Lopez,wesley96@gmail.com,17033
408,Jessica Norris,nataliesmith@yahoo.com,20833
409,Angela Moore,edwardsjohn@hart.biz,30654
410,Randy Pope,turnerjonathan@burns-smith.com,67842
411,Dakota Vance,weeksabigail@martin.org,93104
412,Jessica Smith,jennifer00@santana.info,92952
413,Daniel Clark,jesse51@vaughn.com,37843
414,Alexandra Acevedo,weeksabigail@martin.org,37558
415,Sheena Cruz,jesse51@vaughn.com,69633
416,Christina Klein,victoriapierce@gmail.com,83627
417,Mr. Justin Duran MD,kaufmanchristopher@hotmail.com,87592
418,Dawn Mack,melaniehuffman@gmail.com,11131
419,Jeffrey Lee,tjohnson@hotmail.com,14773
420,Kimberly Morris,bellteresa@hotmail.com,81200
421,Kyle Wallace,david89@hotmail.com,73830
422,Riley Reeves,melaniehuffman@gmail.com,97584
423,Joyce Lindsey,hernandezerika@richardson.net,74024
424,Ethan Espinoza,andersonerin@garcia-collins.info,88000
425,Joann Rodriguez,dbell@cox-swanson.com,62586
426,Dawn Leach,wesley96@gmail.com,88782
427,Tonya Carroll,jay98@yahoo.com,53624
428,Anthony Rosales,hernandezerika@richardson.net,36571
429,Barbara Dunn,edwardschristopher@gmail.com,27460
430,April Cunningham,kaufmanchristopher@hotmail.com,55237
431,Paul Turner,karen70@adams-thompson.com,90354
432,Tammy Adams,david89@hotmail.com,94142
433,John Todd,victoriapierce@gmail.com,71583
434,Sara Brown,edwardschristopher@gmail.com,88476
435,Tim Farrell,tjohnson@hotmail.com,60221
436,Sandra Booker,qcoleman@hotmail.com,25530
437,Daniel Smith,josephwalker@cox.com,94114
438,Kyle Hubbard,ortegaashley@yahoo.com,97230
439,Jeremy Wall,ujohnson@bruce-peters.com,73839
440,Michelle Hutchinson,qcoleman@hotmail.com,52218
441,Vanessa Mosley,dbell@cox-swanson.com,28972
442,Tammy Arnold,danielvega@yahoo.com,40846
443,Lisa Rodriguez,andersonerin@garcia-collins.info,29796
444,John Lambert,jennamiller@reed.biz,64477
445,Christie Taylor,castrofaith@smith.com,82937
446,Regina Thomas,santostimothy@boyd.org,13454
447,Lucas Stewart,andersonerin@garcia-collins.info,33286
448,Gilbert Morrison,tjohnson@hotmail.com,84788
449,Jessica Allison,kaufmanchristopher@hotmail.com,55118
450,Debra Ross,jennifer00@santana.info,53796
451,Ms. Courtney Weaver,velazquezjames@yahoo.com,45082
452,Melissa Leonard,tgaines@jones-griffin.net,80841
453,Justin Gillespie,michellemason@hotmail.com,51916
454,Kari Tran,ujohnson@bruce-peters.com,36277
455,Jessica Carney,tgaines@jones-griffin.net,91949
456,Dr. Brandy Higgins,karen70@adams-thompson.com,82650
457,Kent Wilson,pettylisa@yahoo.com,30639
458,Lawrence Nielsen,shane54@yahoo.com,89837
459,Stephen Boyd,tjohnson@hotmail.com,66679
460,Adrienne Lewis,david89@hotmail.com,27481
461,Monica Orozco,velazquezjames@yahoo.com,48167
462,Susan Ryan,jay98@yahoo.com,87956
463,Christine Velazquez,kaufmanchristopher@hotmail.com,34168
464,Victoria Mueller,danielvega@yahoo.com,30323
465,Cheryl Sutton,pettylisa@yahoo.com,96747
466,Michelle Riley,turnerjonathan@burns-smith.com,57533
467,Daniel Brown,frazierkimberly@hotmail.com,22149
468,Brenda Park,amanda57@yahoo.com,26052
469,Toni Wilson,tiffanymitchell@yahoo.com,56115
470,Charles Cline,tiffanymitchell@yahoo.com,44595
471,Raymond Douglas,barberdanielle@yahoo.com,64648
472,Steven Clayton,pamhanson@welch.info,23443
473,Ryan Graham MD,hernandezerika@richardson.net,80312
474,Laura Arnold,kenneth69@hotmail.com,81071
475,Todd Pham,ujohnson@bruce-peters.com,42218
476,Donald Hale,victoriapierce@gmail.com,34199
477,Jacob Cooper,ortegaashley@yahoo.com,70913
478,Daniel Powers,ujohnson@bruce-peters.com,87519
479,Danielle Mack,harrisonrebecca@yahoo.com,61265
480,Angela Nguyen,karen70@adams-thompson.com,15381
481,Melissa Castro,turnerjonathan@burns-smith.com,11382
482,David Ingram,amanda57@yahoo.com,30752
483,Erica Jones,jennamiller@reed.biz,10722
484,Todd Gardner,millerjacqueline@hotmail.com,91451
485,Ronald Goodwin,josephwalker@cox.com,67485
486,Bobby Bryant,wesley96@gmail.com,30226
487,Steven Kim,edwardschristopher@gmail.com,41442
488,Jennifer Luna,josephmayer@owens-gallagher.info,51564
489,Autumn Coffey,qcoleman@hotmail.com,73288
490,Angela Melendez,qcoleman@hotmail.com,69465
491,Christopher Brooks,frazierkimberly@hotmail.com,76020
492,Noah Martinez,ortegaashley@yahoo.com,71141
493,Kelly Johnson,bellteresa@hotmail.com,46970
494,Robert Barrett,edwardschristopher@gmail.com,17044
495,Christina Gross,jay98@yahoo.com,36974
496,Brady Harrell,jesse51@vaughn.com,34630
497,Cheryl Ali,turnerjonathan@burns-smith.com,55592
498,Adriana Burton,jesse51@vaughn.com,69606
499,Crystal Conway,jay98@yahoo.com,77504
500,Sue King,harrisonrebecca@yahoo.com,41938